0x71165e92fEdBD4cfcb541dB29d8Ede69e0182934,FP
0x93715e5c2BBB6D9B0cB93DfbecEa4b56Eb98cEa7,TP
0x241806b0721EE5d75b0C463d7f1cD3823291A643,TP
0x714981eB968A33E58310d950fa19DA2CB82316F9,FP
0x793497b4a39df241dFeB995404caC2145Bff29E6,TP
0x9922892A958AFE2b4951C006f9f9EB47EF4e0f67,TP
0xA4fD8f8C4bA23349538cDC3c9Bd09E5D67586399,TP
0xAF8262F11eEaD029f10a348fe7B10c7651d831a6,FP
0xB1cC2af3a16b1fc708Bcb8DF5BdC016a11CEe4b8,TP
0xB2d6cDFC19904Ef4a207D0075a6E3C9B1A0fA64E,TP
0xB3A824707E146FcFA583738BBE49D061Fe0d1294,FP
0xb5aef637D77648C4B937D1Be5f6a036f52B1711E,TP
0xb20E7e859B79eA6a388b3859a57c13dDbA2769C0,TP
0xbc5b0925d31d5c1d0A48cF1B99bd1403A5397a9e,TP
0xBc82aB5A82235bb0166668CbB1C2B3a07cb99624,TP
0xC6d556C34a179a224AEBE42e77c6e76594148B97,FP
0xc8B820a07c47a9A39734bc0F29628dF210f1EaDe,FP
0xc8E0FB8DB63541F82279ecf121B31998ed31484c,FP
0xc51bdC9aeBBa23aEA787D6e535e2725448D36e65,TP
0xC060735D90f97F43003C7de792769De3ba395836,TP
0xC5947022f1c40A4412B7AB2E04346260372649bB,TP
0xd2B6909D0d3380d4CD828dA0a49577735e7bf949,FP
0xd8553ee8346Db3814fAc0aD48b5265A28a8cDEdE,TP
0xe7FFcce05c17F414150Bb864945a82899C013C4b,FP
0xE75c4CeEA739CEc3138d4154A21300663b5E0038,FP
0xeA0c959BBb7476DDD6cD4204bDee82b790AA1562,FP
0xeB43375Ee5A1aC381cE6d09B41088Cc64B9E6d45,TP
0xEb802741960BB6B9C87D1AA2397d3Afd44827F0E,FP
0xf30cE3B3564D0D12b1B240013299c7f12Fd5bd0f,TP
0xf1551FC5768A74CEc652368980f14a0d347f1F37,TP
0xF25849C1236AB0212D36cABDBe8D402274e5eE3a,FP
0xf407983B8dB463A7686196147fa3f967E7418A00,FP
0xFAcc429aCAD0f1F2b1dBC08ffB2DDA6fa91Ca79e,TP
0xFe5FC8B75Fb7b90FA970EAdE3519601F2513B2e1,FP
0x0A8Aa208EB568240010E308317becc5331f8027C,TP
0x1b2318F32536AB44ECD9EA320eD83Af13779113a,FP
0x2d993E3E336d8Eab5DB672Fa687B0E86A43FfAB7,FP
0x2Cb88C9574F1bb8A15F8718ae41DEb651dcA0283,FP
0x1feF181BC1969d24d7A4B170bCD7e671Ed9f4075,FP
0x3C10E78343c475b99d20fA544dd30b43C0cBa26f,TP
0x3fB0a02365B8e435e849A757619359e53cD7f4F1,TP
0x04b576037E7aa41F44d6276EAc013E6068976A53,FP
0x4Bba760285eDdC7d64060298fE683Fe443B1b806,TP
0x4c91a91DFe464D9384AE000B78acB5bd9D0f425E,FP
0x4Cc1a10615Eb5E1784f595dE82b2E3A7455d7519,TP
0x004E4CEB12096D9CCd03EFD342B8c2A794293032,TP
0x4FBB8840D37a21E38c8E438db27AAE7bb91aF052,TP
0x6a0c69F15Dd7770C82F030cE29ae4aaa914f7d45,TP
0x6a304aea253440Ad5A3775F9e7f4024BD9277aFb,FP
0x6D9bA3bd2b18Edb060D4078d6cF8e8eC7FbF2cF4,FP
0x6FF10dE70DB14Ce0EA5E2454a4AeBf5eacdffF26,TP
0x7B7Ab138c4BD2921711B4023a2239A65a3bDFF4D,TP
0x8a9bc155740B096575bfE1EE80F5783eeFBBF1d2,TP
0x8b7f15dE51E50D5f2fd3A55553e82F9257E35A6D,TP
0x08bC99036bB5a6441aE39Cd0D7e452782921e119,TP
0x8eD69629B8fA69eEf1b019a3a427C08DC24Dd35f,FP
0x9b3F3A5FdE46C0543c888F3783bB0DDF3cD95533,FP
0x10C509AA9ab291C76c45414e7CdBd375e1D5AcE8,TP
0x12bcF29d1A5ee44c0872170facBC1D6f1b5A88d7,FP
0x034B848caE7639bB93038C6A751C21a7bCF0Ece3,FP
0x59C29d72BE8C2AF7DF0F464c6522F16D00806264,FP
0x60d44C158Fe6DD964052106F96b58D976420968c,TP
0x68aC59EBe5cC4F77Bd73611aE0088B1952AA5EE7,TP
0x78BFd95484f553f8643CB1db777E3CFA9751eA30,TP
0x86F28C7030bd2f828D9Db58C3dED6bB861aa3771,TP
0x87dCD08D9205C68EB92739Fbf521cF381FCE0aaB,TP
0x98c21a0f8F7a925f329045f342A52cE995Cc48dD,TP
0x203e6E1B54f768dB740770c4Ac23b70CCe1BC67E,TP
0x358Cd81b0355f687972a03D7273fcF988Fb45fB5,TP
0x460C8F82BB0CFe858d8e245a915FD51B1D41d394,TP
0x463F71bE49775782B50Ae07D63D954b19940909c,TP
0x498d056476ba67880BD6aec636C5A7DF0c84f825,FP
0x562f36D62B1B8ee5F117AcB3ad9b298D4674d072,TP
0x862c8b2e8eA56760Ea1d4301eeEC131f493052ba,TP
0x899b5FDEc99d082525892c0018622eb2e1c0516e,FP
0x949ED86C385d191e96AF136e2024d96E467d7651,TP
0x4425e34631735c717f1aA3E96A9A898a34c22b3a,TP
0x5184C889f28a5c3C7848e9EEc93680AaE56a8C76,FP
0x37446B2B6cb533Cf0dE47B6623825C48A507a880,TP
0x41469EAf8B56dA82159AAce26023b21f26ec2Fc2,TP
0xa1df6056adf422a03c49Cda517f87D7Cea0A0cDe,FP
0xa8AFa64C91356FF2A3fAFd8324F0552EB8e76632,FP
0xC3DE3A183007fc1f019D98982888544de5585261,FP
0xCC6D0e17d03ee0630aF9eB34bc29692c12343BF3,FP
0xcf232eE1122E100B2dFcFD74f6Df1147b091Abc1,FP
0xd3cCF33CAed01a0Cc2b34B27A77F41f92604Aa8d,FP
0xDA14c912078eBFC6c6d9a1362065a25B7bd81EbF,FP
0xDb8e8e2ccb5C033938736aa89Fe4fa1eDfD15a1d,FP
0xE176672151FFF04d7556752a6660822D3684BEAa,FP
0xFC47D0063de06BA21dfEBF9D6cd6e337150e390f,FP
0x1F86E192e75BFEdC227F148f67a88B38Ab14687c,FP
0x09eF2B30873ab951775b003e196508C00c811B77,FP
0x2dC8CEA424869f59ab3801527EC419321f2e2548,FP
0x4c1710eD634dFdd69684ca9cb7A284f8CC434a63,FP
0x44e6E5FAA5bf7b401fB3E98C9599AE1B2c3dC7Cc,FP
0x4Dc451F25B9c01c14B74683fa56Be6E54D4B3869,FP
0x6A9e45568261c5e0CBb1831Bd35cA5c4b70375AE,FP
0x26ea17EDc387A949414875F5820D58b28b2AEFb9,FP
0x49FE77444E0E9796e1A433F188C8286C0F98A512,FP
0x4F81E4fef63cc01FA4Cc97C78F3F08c29fC9bAD1,FP
0x5DCf600C35ae2752A8a11eB7C489EF3D93126fB4,FP
0x48FF230a8C15898B21Ed59098420272Bd05053FB,FP
0x62F7790C49BA7F049DBb3EF2Cc1046A3103f025e,FP
0x63f9459471804835E35EFeB296314153063c25E3,FP
0x64cE15afa8ac2163202d6B9C0956a26514E71Dee,FP
0x235d49774139c218034c0571Ba8f717773eDD923,FP
0x293F1F1127DfEff8E21e794236F096c8feDeE4BA,FP
0x486BeBDE6ae82a58631AaAeD044DCF8c2fB3565a,FP
0x951FD4981059F1Cdb6b65aE0e3efa5e0AF84aa79,FP
0x06828c4719d11960376a40B712879383bDE0613C,FP
0x7489c6BaAba57d9a431642b26E034aCD191039f7,FP
0x51268e001Ac2F53d3d22e2EE24E5af94fA2027ab,FP
0x2e2423a6B5d4c759B8a1b19751c4387794845509,TP
0x06a76C2BAFA30cd2a601b27F9E60e743C19F8e2A,TP
0x9D434DbB13d37005dFf9B100F1630238829e30F9,TP
0x134C5Ef8f405a9f62A0202d75C7Ab543EaDf574C,TP
0x0bf764F585bD40c3c7eff20aC9492d344F021906,FP
0x0CAbcc616599eA8664CD427fe00852Be0086ccD4,FP
0x0E3D83bE06153Df8B502e96463F2E671c40C0B08,FP
0x0fCeB805922C4798103807f91df4a186b6b90508,TP
0x1C2891D405a956E8E097AAf0C3949D9AED898009,FP
0x1D1E835B3B8cFE8A50494fd4839F7A63A3c6a7C9,TP
0x1fB99036ab01C55C3a3A380bE54eF25B4760a87F,TP
0x2d6a03A3AA2e11ff7aef962e7bb0025B6F183F72,FP
0x2eE06Fca87DE3B1B2d35FB41299641536eB60cED,FP
0x2f82E4fa04D6422676d794b133a8DB6A45bCb706,TP
0x3cBA088c815319C2Aa3FFcd4a1a48d078f5f899d,FP
0x3d657a4804E099DFc21459E4B9e70b549C0eFe1B,FP
0x4A1Bea8DBd3F391041Eb267fC3605AA5d0255E65,TP
0x4bf8a0B71b18B9BB8777CdFFB0DCE6796dAE0499,FP
0x4cDC419182E3b5349860A9814FEb9C5a231876Df,TP
0x4D4165C54726c25f7C39F56fefCb1367374fBB87,FP
0x4eB4B724dFAB14759B81b08e9C2d79598A43c056,FP
0x4Ed5CE394932235410161181b57f5b5dBd2426c8,FP
0x5a90240D83Ff4E421AFA3C323659feA77900000f,TP
0x5b589A025A7847D555A99b70fBBc626caf8cA54B,TP
0x5b254706a06519F3b33c0E6f390f6478e6917ee7,FP
0x5Bcd68ed6d3f307f7f595a05Bdf47FaA18d0ecE0,FP
0x5e4014Cece73ccA1B3C5590852599d4d0539e4aa,FP
0x6b12838a3128F590887e956638e212Dd1306c3EA,FP
0x7aaa638bfdfD01A17c7Fe962faD3Ba7468d4e933,TP
0x7ad7409a3b5E6915aa50172BF81BBef4B354b56D,TP
0x7Bb69eb2dC94F2DE63609D13A3ffE5515F7C50e5,FP
0x7BB678A6c5daDb6b03032EF46c6263ff09bB2799,FP
0x7dB5532aaFf0B1C2D091E8791B123255f2B88DeE,TP
0x7f95F5541F6Ee971fF1889EEC8c1a8959cdE6981,TP
0x8A846B04f1E72158137109B54a9F17De0dd143f7,FP
0x8C8628C21e43991d2db9B9E930ecDd4552a179E1,TP
0x8EA280d8ba37ac4162d42d601eDc8F4668F031F2,FP
0x9A4D8e015B67e2F43235AEAc4A3eCD9b369C55fB,TP
0x9a058B302c3FfC6466daf2cB2F85cC3092E0FC5e,TP
0x09A692d8aE7124EAd846C785AC77f217F98fB9fb,TP
0x9dc7C2880c69CE1b64012EC770427BdBaa1bC988,TP
0x9E6e94Fab7df416520D59E5ea5796c9339f11520,FP
0x9E9551a1b6c7E9AC6dfB1ed7DE533e4aE7ba5a63,TP
0x09f4c5d0753910548ED4Dc22e54d091e32078933,FP
0x10cAE6Edf4bc23F8bAddEa7c1de6ED0Bdad94210,FP
0x10De547981C234f0809c3B7cB10a5197841876f2,FP
0x12BaFa32C73C6B7F0C00b36b3Ba6D9416b163c59,FP
0x13F626Fa3fCCa393c6d74923678997E6122b45c6,TP
0x016e20cAD525BFb802Ae3f12eCbCB64B5aD8410B,TP
0x27f80BbF017fF8712CE27982D55bec5CCA8938B2,TP
0x42d6452cF6D923F47E74900aD95712C2d5290D56,TP
0x44aFB55B72e1ED6213095f770a3442b9AF0f8972,TP
0x44f1e75366f594499715ec4D995bf74DB0E40522,FP
0x46B05291fcbA3E307dE6d55d7aEbb194b53c6288,TP
0x47eDc54be6d7B776bFb4d1ed115b859702BD75Bc,FP
0x57Ac91823Ae013649406d401f44d9698b7810A56,TP
0x57c241c1C56bB627a9CB5c137529F809d5808c55,FP
0x59bbE8CFC79c76857fE0eC27e67E4957370d72B5,FP
0x60B27A5d0B4F550CC5D58cd498a77D766ee5c674,TP
0x60cA5b56Aa6ca6051095aa2a4daeA8a4bae6b761,TP
0x65C4a53dcC7c87024e6f91aEb39AC2d0B459F4df,FP
0x66dF78ce5CceF4274Ce129490169A0715CB10F33,TP
0x71a6AD75809987807Bc3D9aB37059D7C37837607,FP
0x73CcDF7bCe2F03288d3B3Cee30fB181501a8fc72,TP
0x81fe51a205d6Ca2Ed0bD32F95604d6480a2842B4,TP
0x88b016cdEAaC1d73d4A35202128Cd4dd3E782F15,FP
0x89adB2082b3c3d6C4757D474a414dd07e813045D,TP
0x100e12ED2e5ed013c7aB77A9F417c6486ee1BB48,FP
0x101E11152A1A5CFd7B5D4F5fc50aE85251962576,FP
0x466cf7363ECB80c9087842c53d8429A47Cd6a196,TP
0x479E2cfA68C4A30EB37404044e195858A1D2EDDc,FP
0x565A9F49cEBC9f72020C5Fbf01c737b9C120De41,TP
0x727b56fFc6da8692b3d7581Ccd003Dbbf3Fd5835,TP
0x751CB0Ab1b0EDee020f0175eb10cf2984634dcd4,TP
0x778A02e1168Af39c65d2acF6ba256995e4d42B3B,TP
0x837E4fdC65968fA7D81fcf0a226699766542f24C,TP
0x3684cd59D6be532B5A8c816629a4144eBF2C0C7d,FP
0x5384D47202219a97606Af9E223b29985F4924844,TP
0x5616dC803f954F1C03C1dA751dA96AbdccA24fAb,TP
0x5826AB278b6527a4dA24263c1E32372b5999FCB8,TP
0x5927F884103f2CDcF62d14E0501383F566ba3397,TP
0x7261a2d95B4997F002d8b8361BD249EC72DE41c7,TP
0x7779F290101E5591Baf864901861D9788C0c252c,FP
0x8204A7Ed1335c103D82f1fA637e79f8Ae5BBE87A,FP
0x8706EdF61442Fa381F0877dA83aDDFcD5C42FF81,FP
0x8804b87F48E941bF05870A0746D2088f8144323F,FP
0x60163cC8ce40ab48f20766888531DA02f40477C0,FP
0x65811a41D67A1598F1889EB40Ef89F36227Be05d,FP
0x78779F1BedfADA19D34d4756e8ED0250b8c1c9e1,TP
0x97443EA7604318e38f807bf382f0E4C8C7fA71d0,TP
0x624435F50CAC92bAf886Ff3aeaB3d005240358BD,FP
0x3292818dB514DA53C566dfb791b12a4F78462D54,TP
0x8282603eA15D6023b4075824b01fb5e1965C61AC,FP
0x9570455EAfBB30376211B90E28C3e9F827DAfD2f,FP
0x248670569C72c3059233b44721E1F291beEaE758,FP
0x259103305594269aC44C6892Fc029fEFCF2fe22E,TP
0xa5a2Af22EAc6f050227d844B108c2B2A011FD329,FP
0xA92f33b15902e538a925B8316b79FfaC914E10Ee,FP
0xA72923AbF6f448D4D8eE61a690545e157dB9BD1b,TP
0xA55456456729067446fc46AcE6cb9E6c1fC76F1b,TP
0xA827865295270969641DDe6A5D479Ca7Fa54BA83,TP
0xab9E7029D2747Cafc8C623e2986F907b8078c152,FP
0xAd1EA63514f990147E945537763F711C6fB403a8,TP
0xAd2429625e8F91fe827Ec38005aB46535fc36Bce,TP
0xAF1aEB503C7b3a51F78dD5a39282092106474f93,FP
0xB7B180C8B08ae6825371F8dA52E59cb5FE4F7a90,TP
0xB14cf1c58A15D86da2aCC5306F4a143098dAAA3E,TP
0xbBC498047c2Ece136F335E47efB8398f6eA87cb0,FP
0xbEE493D2313D1e87e151dFdA7785337E8C7d6e39,FP
0xc5aC5A8892230E0A3e1c473881A2de7353fFcA88,FP
0xC5AD2c6ee969a298B9a9886D135bfD3944AA8Ee8,TP
0xC81977eeFd19598045B4de58B18339551830C8Df,FP
0xC436053a2bEf289a530520a490de839978fFd427,FP
0xc217197664647562E2Bd732aDEE31d5b3D61cCC7,FP
0xCB2b36FEa350a1832CC8C31494bAeb7fE0561263,FP
0xCf15338a14aA2797879fA8607F51356dec5c8402,FP
0xd2Aac0291fe6414C2768B2C44011F44b835417C6,TP
0xd3Fd80fb9B45E949C985A140038dD9355D7d2a18,FP
0xD4A64E1A1bBe9CB4C7C1376B9fa33A3b065c5cDa,FP
0xd6f2C3f52e3B3cc57181708cD911Ef647DA92915,FP
0xD099eA952eD461D6Ed65d129e573f029684cE676,FP
0xd336D2DAB69b2Bf2765675f2Fc5385ae3168F7fb,TP
0xD4174C64D7A70213dB0B54276e83ca6180A41C6F,TP
0xd57233b1C0F45454852F78F7186DDf7C8d61d872,TP
0xDBc940a4f7060fc4F88CE5B3724252d781080Bb8,FP
0xdCFD7c8cAE31B0AB1d8B07A430c3d5eDC378D7B0,TP
0xDD097a70dBa315B5E6B21b2f951D9bfec9416Cf8,FP
0xdeDaecf9cf20144e389fa19aD7720e7F859Edf2b,TP
0xdFC243bb46DbDBC5923a52Cb46dD237b3648f20c,FP
0xe8FD9786f069A8A4ac67C544d283E7329c7F08e9,FP
0xE9cA1ABe343515312Eb6D13178C5A2DCE3c036fA,FP
0xe30DC9B3c29534E9b4e9A166c2f44411163aD59F,TP
0xE825020e2f60331fe86a61b9Ad15e123A45b25A6,FP
0xeAB4DA2C9335a0A15426Eb5E44b3722f906902c0,FP
0xEd0D9269257834A59D8e42284bDB32B07876f365,TP
0xeDB793b425787ce471cc24b5b0bB85EF10D87918,TP
0xeEEE96017550c817643bB0e85EBEbc512e7A27BA,FP
0xf6b0F14aCa4E7049793337d66c07099345ACe288,FP
0xf6c00B8201d2Dc19667e78393f2989C3EdbF539E,TP
0xf908B905CA5De97cde29A48b30DD4D23CA71AA32,FP
0xfE2dD37BC29f5fc4E0cad8F58F4Dbf4AddD5A59A,FP
