,0
0,0xBB0E17EF65F82Ab018d8EDd776e8DD940327B28b
1,0x41cA2d9CF874aF557B0d75fA9c78f0131c7f345C
2,0xA81598667AC561986b70ae11bBE2dd5348ed4327
3,0x59Bd6774C22486D9F4FAb2D448dCe4F892a9Ae25
4,0xC9f27A50f82571C1C8423A42970613b8dBDA14ef
5,0xf3e9F381c5aDa26304fD612BaF9bB7C599FA63a2
6,0x36F3FD68E7325a35EB768F1AedaAe9EA0689d723
7,0xc5424B857f758E906013F3555Dad202e4bdB4567
8,0x8dAEBADE922dF735c38C80C7eBD708Af50815fAa
9,0xcD91538B91B4ba7797D39a2f66E63810b50A33d0
10,0x66e2F69df68C8F56837142bE2E8C290EfE76DA9f
11,0x52E66cA968010d064938A8099a172CBAaf08c125
12,0x9461173740D27311b176476FA27e94C681b1Ea6b
13,0x6cC15ed4D1dbF89d61D899Ee69CB80c954cda5E6
14,0x2Db6c82CE72C8d7D770ba1b5F5Ed0b6E075066d6
15,0x9d409a0A012CFbA9B15F6D4B36Ac57A46966Ab9a
16,0x956F47F50A910163D8BF957Cf5846D573E7f87CA
17,0xa3d58c4E56fedCae3a7c43A725aeE9A71F0ece4e
18,0xA5407eAE9Ba41422680e2e00537571bcC53efBfD
19,0x67B66C99D3Eb37Fa76Aa3Ed1ff33E8e39F0b9c7A
20,0x6B3595068778DD592e39A122f4f5a5cF09C90fE2
21,0x9F801c1F02AF03cC240546DadEf8e56Cd46EA2E9
22,0x9f8F72aA9304c8B593d555F12eF6589cC3A579A2
23,0x2260FAC5E5542a773Aa44fBCfeDf7C193bc2C599
24,0xd9e1cE17f2641f24aE83637ab66a2cca9C378B9F
25,0x3d9819210A31b4961b30EF54bE2aeD79B9c9Cd3B
26,0x694f8F9E0ec188f528d6354fdd0e47DcA79B6f2C
27,0xE1573B9D29e2183B1AF0e743Dc2754979A40D237
28,0x6B175474E89094C44Da98b954EedeAC495271d0F
29,0x7fC77b5c7614E1533320Ea6DDc2Eb61fa00A9714
30,0x35C674C288577Df3e9b5dafEF945795b741c7810
31,0x7d2768dE32b0b80b7a3454c06BdAc94A69DDc7A9
32,0x2B2e8cDA09bBA9660dCA5cB6233787738Ad68329
33,0xfF20817765cB7f73d4bde2e66e067E58D11095C2
34,0xD77e17Ecc3942B6E83F67c56999C5230c70A85a4
35,0x89B78CfA322F6C5dE0aBcEecab66Aee45393cC5A
36,0x81FbEf4704776cc5bBa0A5dF3a90056d2C6900B3
37,0x32Ce7e48debdccbFE0CD037Cc89526E4382cb81b
38,0x1E8703458AD891fBF78c9320cd78A343FB2F73B3
39,0x7cA4408137eb639570F8E647d9bD7B7E8717514A
40,0xeC88BA505bC341cd590DCED6001C29F3B267970A
41,0x5C69bEe701ef814a2B6a3EDD4B1652CB9cc5aA6f
42,0xCea2d0a0413b6bF052eb2eca9c256ee25Ad7D128
43,0x1F2c3a1046c32729862fcB038369696e3273a516
44,0xf961A1Fa7C781Ecd23689fE1d0B7f3B6cBB2f972
45,0xAbDDAfB225e10B90D798bB8A886238Fb835e2053
46,0xD46bA6D942050d489DBd938a2C909A5d5039A161
47,0x4ef66E564e89a60041EeBcE4716E142626C2f2F4
48,0x1494CA1F11D487c2bBe4543E90080AeBa4BA3C2b
49,0xaa03aB31b55DceEeF845C8d17890CC61cD98eD04
50,0xAE461cA67B15dc8dc81CE7615e0320dA1A9aB8D5
51,0x97767D7D04Fd0dB0A1a2478DCd4BA85290556B48
52,0x0b5D2c4bC698753d2E2229E81D1E3244569aE2e9
53,0xc08f38f43ADB64d16Fe9f9eFCC2949d9eddEc198
54,0x1d0DB0A5f9F8Cf5b69f804D556176C6BC9186587
55,0xAcbdB82f07B2653137d3A08A22637121422ae747
56,0xA0b86991c6218b36c1d19D4a2e9Eb0cE3606eB48
57,0x8798249c2E607446EfB7Ad49eC89dD1865Ff4272
58,0x6eDa4b59BaC787933A4A21b65672539ceF6ec97b
59,0x053c80eA73Dc6941F518a68E2FC52Ac45BDE7c9C
60,0x8ab98C28295Ea3BD2DB6aC8b3CA57A625C054BD1
61,0xF9440930043eb3997fc70e1339dBb11F341de7A8
62,0x91383A15C391c142b80045D8b4730C1c37ac0378
63,0x43244C686a014C49D3D5B8c4b20b4e3faB0cbDA7
64,0x57Ab1ec28D129707052df4dF418D58a2D46d5f51
65,0xba65016890709dBC9491Ca7bF5DE395B8441DC8B
66,0x7a250d5630B4cF539739dF2C5dAcb4c659F2488D
67,0xB4e16d0168e52d35CaCD2c6185b44281Ec28C9Dc
68,0x4B5BfD52124784745c1071dcB244C6688d2533d3
69,0x2fDbAdf3C4D5A8666Bc06645B8358ab803996E28
70,0xC7e5e9434f4a71e6dB978bD65B4D61D3593e5f27
71,0x1d112286657bEfB718BEcBceF6C26679eeF7cBdd
72,0xEB4C2781e4ebA804CE9a9803C67d0893436bB27D
73,0x443D2f2755DB5942601fa062Cc248aAA153313D3
74,0x3fed9C8b527fA6299b3044E5178ACc34eC2e25e2
75,0x85FfB40D73759E7268C1ddE27E02AdC53BeE6873
76,0x97e7d56A0408570bA1a7852De36350f7713906ec
77,0x4B16d95dDF1AE4Fe8227ed7B7E80CF13275e61c9
78,0xF1F85b2C54a2bD284B1cf4141D64fD171Bd85539
79,0xbCDa9E0658f4eECF56A0bd099e6DBc0C91f6A8c2
80,0xD0660cD418a64a1d44E9214ad8e459324D8157f1
81,0x22d4c35A4f2B229A928b1b569b2f60225976426A
82,0x3432B6A60D23Ca0dFCa7761B7ab56459D9C964D0
83,0x30Cb859317e171832b064C97CC03CCb081954d1b
84,0x853d955aCEf822Db058eb8505911ED77F175b99e
85,0xC25099792E9349C7DD09759744ea681C7de2cb66
86,0x398eC7346DcD622eDc5ae82352F02bE94C62d119
87,0x9759A6Ac90977b93B58547b4A71c78317f391A28
88,0xd632f22692FaC7611d2AA1C0D552930D43CAEd3B
89,0x0bc529c00C6401aEF6D220BE8C6Ea1667F6Ad93e
90,0xE592427A0AEce92De3Edee1F18E0157C05861564
91,0x9559Aaa82d9649C7A7b220E7c461d2E74c9a3593
92,0x1864Ca3d47AaB98Ee78D11fc9DCC5E7bADdA1c0d
93,0x0309c98B1bffA350bcb3F9fB9780970CA32a5060
94,0x72AA58A6bc3efC77cC8Fe89b73BAD27b468910e9
95,0xd4c220CCaC0335334D425A90f58dE7C667896a06
96,0x62931dEce3411Ada1038C09cD01bAa11dB08334B
97,0x5ef30b9986345249bc32d8928B7ee64DE9435E39
98,0x0C365789DbBb94A29F8720dc465554c587e897dB
99,0x98eB6bE84183D46E435f693ca0AEE4138D77eAfB
100,0xdF5e0e81Dff6FAF3A7e52BA697820c5e32D806A8
101,0xcA18228a825145CFD342E1Bc83eD1559052B4EC6
102,0x0624Eb9691D99178d0d2Bd76c72f1dBB4DB05286
103,0xd8EF3cACe8b4907117a45B0b125c68560532F94D
104,0xB3f5503f93d5Ef84b06993a1975B9D21B962892F
105,0x153b4c29E692faf10255fe435E290e9cfb2351b5
106,0xC02aaA39b223FE8D0A0e5C4F27eAD9083C756Cc2
107,0x69Cda6eDa9986f7fCa8A5dBa06c819B535F4Fc50
108,0xC0AEe478e3658e2610c5F7A4A2E1777cE9e4f2Ac
109,0x632FD938b98D740FaEe69112ED41257Be3f83c7C
110,0xc1a3e7777F10589C555247ac99B66eB28A395d31
111,0x19c0976f590D67707E62397C87829d896Dc0f1F1
112,0x16de59092dAE5CcF4A1E6439D611fd0653f0Bd01
113,0xCb6afDc84e8949DdF49Ab00b5B351a5b0F65a723
114,0xbf15797BB5E47F6fB094A4abDB2cfC43F77179Ef
115,0x3d5BC3c8d13dcB8bF317092d84783c2697AE9258
116,0x5ade7aE8660293F2ebfcEfaba91d141d72d221e8
117,0x4BAa77013ccD6705ab0522853cB0E9d453579Dd4
118,0x397FF1542f962076d0BFE58eA045FfA2d347ACa0
119,0x2F0b23f53734252Bda2277357e97e1517d6B042A
120,0x35D1b3F3D7966A1DFe207aa4514C12a259A0492B
121,0x81f16E6B58738DaAA4C5D493a240cCA49C240f04
122,0x514910771AF9Ca656af840dff83E8264EcF986CA
123,0x60cd862c9C687A9dE49aecdC3A99b74A4fc54aB6
124,0x28f72434D130029254Fd04d772077d3bF08C032A
125,0xFd31c7d00Ca47653c6Ce64Af53c1571f9C36566a
126,0x430cF6Dd3E289ADaE63b50fF661d6BBA2Dbb3F28
127,0x4aE7413182849D062B72518928a4b2DE87F0e411
128,0xc4ff55a4329f84f9Bf0F5619998aB570481EBB48
129,0xbFD445A97e7459b0eBb34cfbd3245750Dba4d7a4
130,0xb8919522331C59f5C16bDfAA6A121a6E03A91F62
131,0x686e5ac50D9236A9b7406791256e47feDDB26AbA
132,0x31C507636a4cAB752A8A069B865099924BD5F1a9
133,0xc5be99A02C6857f9Eac67BbCE58DF5572498F40c
134,0x8E678b655A6b6e7f31747557a6a90A529B67A990
135,0x2fE065e6FFEf9ac95ab39E5042744d695F560729
136,0x7C40c393DC0f283F318791d746d894DdD3693572
137,0x4B0181102A0112A2ef11AbEE5563bb4a3176c9d7
138,0x5c8344bcdC38F1aB5EB5C1d4a35DdEeA522B5DfA
139,0x7a9E457991352F8feFB90AB1ce7488DF7cDa6ed5
140,0xF15E21E1c90f851B735778c001Aa22A635Bf9dbc
141,0x45F783CCE6B7FF23B2ab2D70e416cdb7D6055f51
142,0x106552C11272420aAd5d7e94f8AcAb9095A6c952
143,0x64aa3364F17a4D01c6f1751Fd97C2BD3D7e7f1D5
144,0x62359Ed7505Efc61FF1D56fEF82158CcaffA23D7
145,0xc3f733ca98E0daD0386979Eb96fb1722A1A05E69
146,0xD06527D5e56A3495252A528C4987003b712860eE
147,0x975f9D479690ebDE4Fc86c835ce5f91D0B7fADf4
148,0xc00e94Cb662C3520282E6f5717214004A7f26888
149,0x10B47177E92Ef9D5C6059055d92DdF6290848991
150,0x186084fF790C65088BA694Df11758faE4943EE9E
151,0xC011a73ee8576Fb46F5E1c5751cA3B9Fe0af2a6F
152,0x8a90CAb2b38dba80c64b7734e58Ee1dB38B8992e
153,0x1b6d3E5Da9004668E14Ca39d1553E9a46Fe842B3
154,0x383518188C0C6d7730D91b2c03a03C837814a899
155,0xdAC17F958D2ee523a2206206994597C13D831ec7
156,0xcED314fD27b44b80bA48CEff4FFC6A580397B276
157,0x8762db106B2c2A0bccB3A80d1Ed41273552616E8
158,0x24a42fD28C976A61Df5D00D0599C34c4f90748c8
